JOB_ID,PLOT_ID,CLUSTER_NAME,MDS_1,MDS_2
9fcc76415c05500ff5971f8b11594ab65f34533f,J01,AI/ML Architecture,-0.45864046989136087,0.12793602076325936
0094418d419dc3a48fda36e0f6f5d4f41fd32459,J02,AI/ML Architecture,-0.07628717760816467,-0.08126480212642107
869ab0ddb1fee45911ef8df7221ebeaf39487feb,J03,Analytics and Data,0.431179979055087,0.36575717515208966
75a899f60472fef24729a24c1c418f77ceba9985,J04,Analytics and Data,0.43117979050369715,0.3657573738290689
af86e8ce518e4926a5dee8b3a90a38d0c0d923ec,J05,AI/ML Architecture,-0.3010673353319213,-0.46953146685936586
b927c3a77c71177a9459bc0e41c4bd81f80debbc,J06,AI/ML Architecture,-0.3010673884716936,-0.4695314401895875
dba19d3ea206715e5205906acc27489be3788b7c,J07,Analytics and Data,-0.15660901081590342,0.6807471711838806
20829c9ed040398015e3a0be96e43ed8185d0b43,J08,AI/ML Architecture,-0.44907362773623616,0.048824827419326255
6d8183a60e5eca6d47ab7816a54dc1e633a5a668,J09,AI/ML Architecture,0.3069508277482666,-0.5080611136000419
7415af82fe8458b7ce5eaf7413181f8d8d844055,J10,Analytics and Data,0.5734344125482295,-0.0606337455722084
