ID,TITLE_RAW,TITLE_CLEAN,ROLE_SEGMENT,ROLE_MATCH_REASON
9fcc76415c05500ff5971f8b11594ab65f34533f,AI Solution Architect/Senior AI Solution Architect (Post-Sales),ai solution architect senior ai solution architect post sales,AI Technical Role,Approved cohort label restored from saved description corpus; original role audit not rerun
0094418d419dc3a48fda36e0f6f5d4f41fd32459,"Senior Architect, Data Analytics /AI-ML",senior architect data analytics ai ml,Machine Learning Technical Role,Approved cohort label restored from saved description corpus; original role audit not rerun
869ab0ddb1fee45911ef8df7221ebeaf39487feb,"Senior Data Science Analyst, Customer Success Analytics & Operations",senior data science analyst customer success analytics operations,Data Science Adjacent Role,Approved cohort label restored from saved description corpus; original role audit not rerun
75a899f60472fef24729a24c1c418f77ceba9985,"Senior Data Science Analyst, Customer Success Analytics & Operations",senior data science analyst customer success analytics operations,Data Science Adjacent Role,Approved cohort label restored from saved description corpus; original role audit not rerun
af86e8ce518e4926a5dee8b3a90a38d0c0d923ec,"Sr. Enterprise Architect, AI",sr enterprise architect ai,AI Technical Role,Approved cohort label restored from saved description corpus; original role audit not rerun
b927c3a77c71177a9459bc0e41c4bd81f80debbc,"Sr. Enterprise Architect, AI",sr enterprise architect ai,AI Technical Role,Approved cohort label restored from saved description corpus; original role audit not rerun
dba19d3ea206715e5205906acc27489be3788b7c,Data Scientist/Data Analyst,data scientist data analyst,Data Scientist,Approved cohort label restored from saved description corpus; original role audit not rerun
20829c9ed040398015e3a0be96e43ed8185d0b43,AI Solution Architect/Senior AI Solution Architect (Post-Sales),ai solution architect senior ai solution architect post sales,AI Technical Role,Approved cohort label restored from saved description corpus; original role audit not rerun
6d8183a60e5eca6d47ab7816a54dc1e633a5a668,Senior Applied Scientist,senior applied scientist,Applied or Decision Scientist,Approved cohort label restored from saved description corpus; original role audit not rerun
7415af82fe8458b7ce5eaf7413181f8d8d844055,"Senior Analytics Engineer, GTM San Francisco, CA",senior analytics engineer gtm,Analytics Engineer,Approved cohort label restored from saved description corpus; original role audit not rerun
