JOB_ID,AWS,AWS SageMaker,Advanced Analytics,Analytical Skills,Apache Kafka,Application Programming Interface (API),Artificial Intelligence,Azure,Cloud Computing Architecture,Communication,Computer Science,Customer Success Management,Data Modeling,Data Science,Data Visualization,Decision Making,Detail Oriented,Finance,Generative AI,Java,Kubernetes,Large Language Models,Leadership,MLOps,Machine Learning,Machine Learning Algorithms,Operations,Predictive Modeling,Presentations,Python,SQL,Sales,Scalability,Software As A Service (SaaS),Solution Architecture,Statistics,Writing
9fcc76415c05500ff5971f8b11594ab65f34533f,1,1,1,1,1,1,1,1,1,0,1,0,1,0,0,0,1,0,0,1,1,0,0,1,1,1,0,0,0,0,0,1,1,0,1,0,0
0094418d419dc3a48fda36e0f6f5d4f41fd32459,1,1,0,0,1,0,0,0,0,0,1,0,0,1,0,1,0,0,1,1,1,1,1,1,1,0,0,0,0,1,0,1,1,0,0,1,1
869ab0ddb1fee45911ef8df7221ebeaf39487feb,0,0,1,1,0,0,0,0,0,1,0,1,0,1,1,1,1,1,0,0,0,0,1,0,0,0,1,1,0,1,1,0,0,1,0,0,0
75a899f60472fef24729a24c1c418f77ceba9985,0,0,1,1,0,0,0,0,0,1,0,1,0,1,1,1,1,1,0,0,0,0,1,0,0,0,1,1,0,1,1,0,0,1,0,0,0
af86e8ce518e4926a5dee8b3a90a38d0c0d923ec,0,0,0,0,0,0,1,0,1,0,1,0,0,0,0,0,0,0,1,0,0,1,0,1,1,0,0,0,1,0,0,1,0,1,1,1,0
b927c3a77c71177a9459bc0e41c4bd81f80debbc,0,0,0,0,0,0,1,0,1,0,1,0,0,0,0,0,0,0,1,0,0,1,0,1,1,0,0,0,1,0,0,1,0,1,1,1,0
dba19d3ea206715e5205906acc27489be3788b7c,1,0,0,0,0,0,0,1,0,0,0,0,0,1,1,0,0,0,0,0,0,0,0,0,0,1,0,1,0,0,0,0,0,0,0,0,0
20829c9ed040398015e3a0be96e43ed8185d0b43,1,1,1,1,1,1,1,1,1,0,1,0,1,0,0,0,1,0,0,1,1,1,0,1,1,1,0,0,1,0,0,1,1,0,1,0,1
6d8183a60e5eca6d47ab7816a54dc1e633a5a668,0,0,0,0,0,1,1,0,0,0,0,0,0,1,0,0,0,0,1,1,0,0,0,0,1,0,0,0,0,1,0,0,0,0,0,0,0
7415af82fe8458b7ce5eaf7413181f8d8d844055,0,0,0,0,0,0,1,0,0,1,0,1,1,0,0,0,1,1,0,0,0,0,0,0,0,0,1,0,0,1,1,1,0,0,0,0,1
