JOB_ID,TITLE_RAW,ROLE_SEGMENT,SCOPE_TIER,COMPANY_NAME,SALARY_MIDPOINT_ANNUAL,MIN_YEARS_EXPERIENCE,Segment
9fcc76415c05500ff5971f8b11594ab65f34533f,AI Solution Architect/Senior AI Solution Architect (Post-Sales),AI Technical Role,Adjacent,C3 Iot,120000.0,5.0,AI/ML Architecture
0094418d419dc3a48fda36e0f6f5d4f41fd32459,"Senior Architect, Data Analytics /AI-ML",Machine Learning Technical Role,Adjacent,Guidewire Software,195000.0,5.0,AI/ML Architecture
869ab0ddb1fee45911ef8df7221ebeaf39487feb,"Senior Data Science Analyst, Customer Success Analytics & Operations",Data Science Adjacent Role,Adjacent,Klaviyo,120000.0,5.0,Analytics and Data
75a899f60472fef24729a24c1c418f77ceba9985,"Senior Data Science Analyst, Customer Success Analytics & Operations",Data Science Adjacent Role,Adjacent,Klaviyo,,5.0,Analytics and Data
af86e8ce518e4926a5dee8b3a90a38d0c0d923ec,"Sr. Enterprise Architect, AI",AI Technical Role,Adjacent,Workday,173250.0,4.0,AI/ML Architecture
b927c3a77c71177a9459bc0e41c4bd81f80debbc,"Sr. Enterprise Architect, AI",AI Technical Role,Adjacent,Workday,173250.0,4.0,AI/ML Architecture
dba19d3ea206715e5205906acc27489be3788b7c,Data Scientist/Data Analyst,Data Scientist,Core,Theoris Group,,5.0,Analytics and Data
20829c9ed040398015e3a0be96e43ed8185d0b43,AI Solution Architect/Senior AI Solution Architect (Post-Sales),AI Technical Role,Adjacent,C3 Iot,120000.0,5.0,AI/ML Architecture
6d8183a60e5eca6d47ab7816a54dc1e633a5a668,Senior Applied Scientist,Applied or Decision Scientist,Adjacent,Microsoft,173200.0,6.0,AI/ML Architecture
7415af82fe8458b7ce5eaf7413181f8d8d844055,"Senior Analytics Engineer, GTM San Francisco, CA",Analytics Engineer,Adjacent,Sigma Computing,,4.0,Analytics and Data
