JOB_ID,Python,SQL,Machine Learning,MLOps,AWS,Azure,Google Cloud,Generative AI,Large Language Models,Data Modeling,Data Visualization,Predictive Modeling,Docker,Kubernetes,Apache Spark,Apache Kafka,Tableau,Power BI,Java,JavaScript,Git,GitHub
9fcc76415c05500ff5971f8b11594ab65f34533f,0,0,1,0,1,1,1,0,0,1,0,0,0,1,0,1,0,0,1,1,0,0
0094418d419dc3a48fda36e0f6f5d4f41fd32459,1,0,1,1,1,0,0,1,1,0,0,0,1,1,0,1,0,0,1,0,0,0
869ab0ddb1fee45911ef8df7221ebeaf39487feb,1,1,0,0,0,0,0,0,0,0,1,0,0,0,0,0,1,0,0,0,0,1
75a899f60472fef24729a24c1c418f77ceba9985,1,1,0,0,0,0,0,0,0,0,1,0,0,0,0,0,1,0,0,0,0,1
af86e8ce518e4926a5dee8b3a90a38d0c0d923ec,0,0,1,1,0,0,0,1,1,0,0,0,0,0,0,0,0,0,0,0,0,0
b927c3a77c71177a9459bc0e41c4bd81f80debbc,0,0,1,1,0,0,0,1,1,0,0,0,0,0,0,0,0,0,0,0,0,0
dba19d3ea206715e5205906acc27489be3788b7c,0,0,0,0,1,1,0,0,0,0,1,0,0,0,0,0,0,0,0,0,0,0
20829c9ed040398015e3a0be96e43ed8185d0b43,0,0,1,0,1,1,1,0,1,1,0,0,0,1,0,1,0,0,1,1,0,0
6d8183a60e5eca6d47ab7816a54dc1e633a5a668,1,0,1,0,0,0,0,1,0,0,0,0,0,0,0,0,0,0,1,0,0,0
7415af82fe8458b7ce5eaf7413181f8d8d844055,1,1,0,0,0,0,0,0,0,1,0,0,0,0,0,0,0,0,0,0,0,0
